<?xml version="1.0" encoding="utf-8"?>
<License>
  <Id>10351d5f-87ae-4930-91b7-7ff75d0f5fd0</Id>
  <ProductName>Mail.dll</ProductName>
  <SubscriptionUntil>2013-05-12</SubscriptionUntil>
  <RegisteredTo>Ferruh Koroglu</RegisteredTo>
  <LicenseType>Single developer</LicenseType>
  <BuyerName>Ferruh Koroglu</BuyerName>
  <Signature xmlns="http://www.w3.org/2000/09/xmldsig#">
    <SignedInfo>
      <CanonicalizationMethod Algorithm="http://www.w3.org/TR/2001/REC-xml-c14n-20010315" />
      <SignatureMethod Algorithm="http://www.w3.org/2000/09/xmldsig#rsa-sha1" />
      <Reference URI="">
        <Transforms>
          <Transform Algorithm="http://www.w3.org/2000/09/xmldsig#enveloped-signature" />
        </Transforms>
        <DigestMethod Algorithm="http://www.w3.org/2000/09/xmldsig#sha1" />
        <DigestValue>QdKIxNGyTwtVlf97k0+/7OA+zjQ=</DigestValue>
      </Reference>
    </SignedInfo>
    <SignatureValue>vIDcMJ5vm1HSubY9MmGYUjgQdaKobwitGwtIx3AXHXyxWLlrk9oFGUpbOp0hkO8sqCzSjifaZBC4BrtSyxC7bQtLp3qwzoHhPIIK92hYUpt0L5Tq3/5tZdvha+ook9IjMJdGMd5sAZoWoGqeyBDHaY5pp9ShwoehcclR3cm6t+I=</SignatureValue>
  </Signature>
</License>